{
  "roc_auc": 0.7548783042726799,
  "f1_score": 0.04652951355508556,
  "precision": 0.5127118644067796,
  "recall": 0.024370594159113797,
  "training_samples": 246008,
  "test_samples": 61503
}